Instability,Abstractness
0.942584,0
0.822581,0.133333
0.956476,0.022523
0.98913,0.111111
0.87234,0.02963
0.925,0
0.945652,0.058824